[{"bidang":"BUILDING","bdb":"0","blb":"0","bsdb":"0","bslb":"0","sbdb":"0","sblb":"0","tb":"0","ll":"0","nsesi":"0","total":"35"},{"bidang":"INDUSTRIALIZED BUILDING SYSTEMS (IBS)","bdb":"0","blb":"0","bsdb":"0","bslb":"0","sbdb":"0","sblb":"0","tb":"0","ll":"0","nsesi":"0","total":"0"},{"bidang":"CRANE OPERATION","bdb":"0","blb":"0","bsdb":"0","bslb":"0","sbdb":"0","sblb":"0","tb":"0","ll":"0","nsesi":"28","total":"28"},{"bidang":"PLANT OPERATION","bdb":"0","blb":"0","bsdb":"0","bslb":"0","sbdb":"0","sblb":"0","tb":"0","ll":"0","nsesi":"21","total":"35"},{"bidang":"MECHANICAL & ELECTRICAL","bdb":"2","blb":"2","bsdb":"1","bslb":"0","sbdb":"2","sblb":"0","tb":"3","ll":"1","nsesi":"31","total":"127"},{"bidang":"DRAFTING","bdb":"0","blb":"0","bsdb":"0","bslb":"0","sbdb":"0","sblb":"0","tb":"0","ll":"0","nsesi":"0","total":"0"},{"bidang":"CIVIL","bdb":"0","blb":"0","bsdb":"0","bslb":"0","sbdb":"0","sblb":"0","tb":"0","ll":"0","nsesi":"0","total":"0"},{"bidang":"WELDING","bdb":"0","blb":"0","bsdb":"0","bslb":"0","sbdb":"0","sblb":"0","tb":"0","ll":"0","nsesi":"0","total":"0"},{"bidang":"BLASTING & PAINTING","bdb":"0","blb":"0","bsdb":"0","bslb":"0","sbdb":"0","sblb":"0","tb":"0","ll":"0","nsesi":"0","total":"0"},{"bidang":"NON DESTRUCTIVE TESTING (NDT)","bdb":"0","blb":"0","bsdb":"0","bslb":"0","sbdb":"0","sblb":"0","tb":"0","ll":"0","nsesi":"0","total":"0"},{"bidang":"Welding (1G)","bdb":"0","blb":"0","bsdb":"0","bslb":"0","sbdb":"0","sblb":"0","tb":"0","ll":"0","nsesi":"0","total":"0"},{"bidang":"Welding (3G / 4G) (level 2)","bdb":"0","blb":"0","bsdb":"0","bslb":"0","sbdb":"0","sblb":"0","tb":"0","ll":"0","nsesi":"0","total":"0"},{"bidang":"Welding 5G","bdb":"0","blb":"0","bsdb":"0","bslb":"0","sbdb":"0","sblb":"0","tb":"0","ll":"0","nsesi":"0","total":"0"},{"bidang":"Welding 6G","bdb":"0","blb":"0","bsdb":"0","bslb":"0","sbdb":"0","sblb":"0","tb":"0","ll":"0","nsesi":"0","total":"0"}]